id,url,created_utc,discovered,lastseen
8d5cp6,https://i.redd.it/xwdnx50oyns01.jpg,1524055740,1524074953,1524092130
8d5xnu,https://i.imgur.com/v9vkFQ8.jpg,1524060943,1524074953,1524092131
8d5jnj,https://imgur.com/cXOlY9U.jpg,1524057499,1524074953,1524101726
8d5dql,https://i.redd.it/x6lg5hwhzns01.jpg,1524056015,1524074953,1524087425
8d4wej,https://i.redd.it/5b50xnbjkns01.jpg,1524050984,1524074953,1524092132
8d540k,https://i.redd.it/lilcv6ifrns01.jpg,1524053303,1524074953,1524092132
8d4zt8,https://i.redd.it/9pp0c0ltnns01.jpg,1524052091,1524074953,1524090922
8d594b,https://i.redd.it/t8nz0uzpvns01.jpg,1524054748,1524074953,1524092131
8d5j54,https://i.redd.it/wtj7yc4f3os01.jpg,1524057370,1524074953,1524092131
8d58sd,https://i.redd.it/ferzahkmuns01.png,1524054667,1524074953,1524092131
8d5lhp,https://i.imgur.com/vNi85x0.png,1524057993,1524074953,1524102937
8d55k6,https://i.redd.it/z7wv0xybsns01.jpg,1524053749,1524074953,1524091527
8d4nkt,https://i.redd.it/5r5ht1zc2ns01.jpg,1524047996,1524074953,1524088031
8d54vl,https://i.redd.it/0f1ah037sns01.jpg,1524053562,1524074953,1524092132
8d5lf7,https://i.redd.it/ha4p2yo35os01.jpg,1524057972,1524074953,1524101122
8d4rlt,https://i.redd.it/yr593mjvfns01.jpg,1524049416,1524074953,1524087427
8d4ljn,https://i.redd.it/4i2heq9i9ns01.jpg,1524047275,1524074953,1524086822
8d4iul,https://i.redd.it/y8yoning6ns01.jpg,1524046251,1524074954,1524085612
8d5aj1,https://i.redd.it/1xqyjpqvwns01.jpg,1524055137,1524074954,1524090923
8d4rmi,https://i.redd.it/f3q1e4qofns01.jpg,1524049425,1524074954,1524077745
8d4tjr,https://i.redd.it/ygd9kfcshns01.jpg,1524050063,1524074954,1524088031
8d5epy,https://i.redd.it/ga77aiz80os01.jpg,1524056269,1524074954,1524092131
8d4gu3,https://i.imgur.com/hVrfOzR.jpg,1524045533,1524074954,1524084402
8d5jbr,https://imgur.com/OEdfKBO.png,1524057412,1524074954,1524092132
8d4buw,https://i.imgur.com/NWLp9yh.jpg,1524043571,1524074954,1524083191
8d5cfr,https://i.redd.it/asq1bgtgyns01.jpg,1524055669,1524074954,1524082583
8d4uo9,https://i.imgur.com/vOHhZgC.jpg,1524050422,1524074954,1524083191
8d4l14,https://i.redd.it/o1oigedv8ns01.jpg,1524047061,1524074954,1524083191
8d5n2l,https://i.redd.it/us74u7wm6os01.jpg,1524058416,1524074954,1524092131
8d49va,https://i.redd.it/neg5o0i7wms01.jpg,1524042805,1524074954,1524081375
8d4lim,https://i.redd.it/b2u9xy0g9ns01.jpg,1524047259,1524074954,1524082586
8d4xgd,https://i.imgur.com/Gv1IyQY.jpg,1524051314,1524074954,1524085612
8d4qiy,https://i.imgur.com/7kaTC2j.jpg,1524049050,1524074954,1524083797
8d4o8g,https://i.redd.it/lobir1pkpks01.jpg,1524048238,1524074954,1524082586
8d4be5,https://i.redd.it/620jw37xxms01.png,1524043385,1524074954,1524080165
8d5ikn,https://i.redd.it/dkt7hvb33os01.jpg,1524057226,1524074954,1524092132
8d59m1,https://i.redd.it/s5kll8s4wns01.jpg,1524054885,1524074954,1524092131
8d5xbr,https://i.imgur.com/QpqMEdh.jpg,1524060859,1524074954,1524076535
8d4t0s,https://i.redd.it/pfi2zukahns01.jpg,1524049893,1524074954,1524077139
8d5wc7,https://i.redd.it/v0qzc327dos01.jpg,1524060627,1524074954,1524104752
8d5pzh,https://i.redd.it/n8u1ayct8os01.jpg,1524059151,1524074955,1524102937
8d4t89,https://i.redd.it/kskl6snhhns01.jpg,1524049960,1524074955,1524082586
8d4q1f,https://i.redd.it/egdztflaens01.jpg,1524048885,1524074955,1524082586
8d4htr,https://baomoi-photo-1-td.zadn.vn/w1000_r1/17/05/09/24/22218896/1_104619.jpg,1524045868,1524074955,1524077745
8d41bv,https://i.imgur.com/mckKvbG.jpg,1524039369,1524074955,1524075931
8d42s7,https://i.redd.it/jau2rz7qnms01.jpg,1524039960,1524074955,1524075931
8d4abi,https://i.redd.it/yks1ulfpwms01.jpg,1524042973,1524074955,1524075931
8d3ziy,https://i.redd.it/b5ndht3yjms01.jpg,1524038680,1524074955,1524075326
8d5skp,https://i.redd.it/vpdhsldnaos01.jpg,1524059767,1524074955,1524075325
8d4zfc,https://i.redd.it/2cx7kdh9nns01.png,1524051973,1524074955,1524086217
8d55b8,https://i.redd.it/3r2mk3ddsns01.jpg,1524053679,1524074955,1524077745
8d41l5,https://i.imgur.com/TtwUhWu.png,1524039480,1524074955,1524075326
8d5x09,https://i.redd.it/3zrvzg1odos01.png,1524060781,1524074955,1524092131
8d4teq,https://screwstonafc.noblogs.org/files/2018/04/FB-2.jpg,1524050017,1524074955,
8d597j,https://i.redd.it/8jbqx9vsvns01.jpg,1524054773,1524074955,1524089242
8d6idw,https://i.redd.it/j4xbxiqkros01.jpg,1524065458,1524075326,1524108382
8d6gsi,https://i.redd.it/cvm5i9tjqos01.jpg,1524065120,1524075931,1524092130
8d56h3,https://i.redd.it/2tvllyn5sns01.jpg,1524054011,1524075931,1524077745
8d687g,https://i.redd.it/9xeun7a7los01.jpg,1524063317,1524075931,1524108382
8d6v5m,https://i.redd.it/nbiko5ugzos01.jpg,1524068115,1524076535,1524080767
8d67vg,https://i.redd.it/vyd0f2cukos01.jpg,1524063246,1524077140,1524107777
8d5c32,https://i.redd.it/lm04y7k6yns01.jpg,1524055575,1524077745,1524092132
8d6jx5,https://i.redd.it/g8ko5wprros01.png,1524065779,1524078349,1524081978
8d5m1a,https://i.redd.it/21ps1cpt5os01.jpg,1524058146,1524078349,1524101122
8d6az3,https://i.redd.it/3fhbh1bwmos01.jpg,1524063885,1524078350,1524104147
8d6c54,https://i.redd.it/l1fd35zfnos01.png,1524064133,1524078952,1524089846
8d6xff,https://i.imgur.com/Y51xuUS.jpg,1524068595,1524080164,1524081978
8d7bf5,https://i.redd.it/nfvb6ydu7ps01.jpg,1524071474,1524080164,1524083795
8d5e8a,https://i.redd.it/3epna2jszns01.jpg,1524056142,1524080770,1524086217
8d6zzg,https://i.redd.it/c6ljo5lh2ps01.jpg,1524069137,1524081375,1524091525
8d71ue,https://i.redd.it/3gvd1bko3ps01.jpg,1524069529,1524081375,1524115652
8d5ub0,https://i.redd.it/jsx7o2svbos01.jpg,1524060180,1524081375,1524092132
8d6t0s,https://i.redd.it/m5v961k5yos01.jpg,1524067675,1524083191,1524112014
8d6dck,https://i.imgur.com/eWd1qxN.jpg,1524064388,1524083191,1524108382
8d5h4i,https://i.redd.it/z4ctbqq12os01.jpg,1524056874,1524084402,1524092131
8d6c85,https://i.redd.it/twvalxponos01.jpg,1524064151,1524084402,1524092132
8d7nxc,https://i.imgur.com/wd9QKkl.jpg,1524074024,1524085005,1524101120
8d5m2f,https://i.imgur.com/yFjxzvn.jpg,1524058152,1524085007,1524090451
8d77hh,https://i.imgur.com/eh7BZNi.png,1524070711,1524085612,1524111408
8d7zfx,https://i.redd.it/fjyhgxo9ops01.jpg,1524076454,1524086217,1524092130
8d709x,https://i.imgur.com/b0sYYv2.jpg,1524069194,1524086217,1524092130
8d76w8,https://i.imgur.com/uFOXqbd.jpg,1524070595,1524087427,1524092130
8d7kyb,https://i.imgur.com/vREpvWy.jpg,1524073402,1524088636,1524121710
8d67kz,https://i.redd.it/9ybubpzokos01.jpg,1524063181,1524088636,1524103542
8d6ey7,https://i.redd.it/8y0q0gdgpos01.jpg,1524064747,1524088636,
8d79l5,https://i.redd.it/2r3zmy028ps01.jpg,1524071125,1524089847,1524115046
8d76w7,https://i.redd.it/h785bcku6ps01.jpg,1524070594,1524090922,1524116865
8d7yh5,http://i.imgur.com/4PLTFCG.jpg,1524076250,1524090922,1524120498
8d8v9a,https://i.imgur.com/L7gftWs.jpg,1524083211,1524091527,1524136852
8d7aee,https://i.redd.it/1utj66tn8ps01.jpg,1524071269,1524091527,1524114438
8d6jqy,https://i.redd.it/5znsjbbasos01.png,1524065738,1524092132,
8d9h8e,https://i.redd.it/z4ctbqq12os01.jpg,1524087995,1524101119,1524128369
8d9564,https://i.redd.it/wbaln4xieqs01.png,1524085308,1524101119,1524139275
8d8jat,https://i.redd.it/5b6g5w2p0qs01.png,1524080659,1524101119,1524135031
8d9n6y,https://i.redd.it/qcusu4imqqs01.jpg,1524089353,1524101119,1524130185
8d8rld,https://i.redd.it/f5unv8yl5qs01.png,1524082430,1524101119,1524126553
8d9oaw,https://i.redd.it/5ks55learqs01.jpg,1524089597,1524101119,1524102329
8d7b8j,https://i.redd.it/6tucla2c9ps01.jpg,1524071432,1524101120,1524102330
8d8doh,https://i.redd.it/cnf5wnuzwps01.jpg,1524079422,1524101120,1524130187
8d8wkj,https://i.redd.it/f2c81g579qs01.jpg,1524083493,1524101120,1524137458
8d6qcj,https://i.redd.it/0jzqd70jwos01.jpg,1524067124,1524101120,1524115046
8d7inv,https://i.imgur.com/M0EHC5y.jpg,1524072927,1524101120,1524117470
8d8gha,https://i.redd.it/saxej9zvyps01.jpg,1524080032,1524101120,1524122921
8d7s56,https://i.imgur.com/x8xQNNN.png,1524074918,1524101120,1524116865
8d995x,https://i.redd.it/eth8ff65hqs01.png,1524086163,1524101120,1524139275
8d81cw,https://i.redd.it/u2gatlsepps01.jpg,1524076841,1524101120,1524120498
8d8aj1,https://i.imgur.com/CRI9yiY.jpg,1524078754,1524101120,1524126553
8d85xb,https://i.redd.it/fui9jjq6sps01.png,1524077784,1524101121,1524123526
8d9i4n,https://i.redd.it/v9blcn47nqs01.jpg,1524088201,1524101121,1524102330
8d6785,https://i.redd.it/w06pu3mkkos01.jpg,1524063103,1524101121,1524107777
8d77vr,https://i.redd.it/gmzzl4bf7ps01.jpg,1524070796,1524101121,1524109593
8d7704,https://i.redd.it/ndtkv6gw6ps01.jpg,1524070612,1524101121,1524108987
8d769d,https://i.redd.it/jf3er4n66ps01.jpg,1524070466,1524101121,1524113831
8d6gck,https://i.redd.it/be8120vbqos01.jpg,1524065040,1524101121,1524107172
8d80w9,https://i.redd.it/xn0bywh4pps01.jpg,1524076742,1524101121,1524114438
8d6lyu,https://i.redd.it/8g640pkotos01.jpg,1524066200,1524101121,1524105962
8d66b1,https://i.redd.it/t0r1objyjos01.jpg,1524062898,1524101121,1524105357
8d9kxo,https://i.redd.it/tcwrp2s3pqs01.jpg,1524088847,1524101724,1524110802
8d9du5,https://i.redd.it/fqcwq1l8kqs01.jpg,1524087226,1524101727,1524141697
8d6q0z,https://i.redd.it/7fmdqfgbwos01.jpg,1524067053,1524101727,1524103542
8d871o,https://i.redd.it/ub951lkysps01.jpg,1524078033,1524102330,1524121104
8d8vab,https://i.redd.it/0pmsgomd8qs01.png,1524083218,1524102332,1524136242
8d927c,https://i.redd.it/rabk22csbqs01.png,1524084661,1524102937,1524128975
8d7ect,https://i.redd.it/9fyr48p6bps01.jpg,1524072060,1524102937,1524104147
8dac2s,https://i.redd.it/ybn5vr3g8rs01.jpg,1524095347,1524103541,1524145932
8d9n00,https://i.imgur.com/AUnYJn2.jpg,1524089307,1524104146,1524106565
8d7vmy,https://i.redd.it/6746u04vlps01.jpg,1524075647,1524104147,1524109592
8dade4,https://i.redd.it/lus0oi6d9rs01.jpg,1524095692,1524104752,1524144722
8d9y3i,https://i.redd.it/iwjjtml5yqs01.jpg,1524091885,1524105356,1524144117
8d9pps,https://i.redd.it/zf93zepcsqs01.jpg,1524089937,1524105356,1524132002
8dal5r,https://i.redd.it/alhk3g97ers01.png,1524097611,1524105962,1524145327
8da7ro,https://i.redd.it/x1vsaq185rs01.jpg,1524094263,1524106565,1524137456
8da26g,https://i.redd.it/rlonuty11rs01.jpg,1524092861,1524106565,1524108380
8d9ei4,https://i.redd.it/zuiz9fypkqs01.png,1524087375,1524106566,1524138669
8da0j8,https://i.redd.it/kl0x2prwzqs01.jpg,1524092484,1524106566,1524109592
8dabcv,https://i.redd.it/8l6jf2kv7rs01.jpg,1524095167,1524107171,1524144722
8dapiv,https://i.redd.it/9am7zsvlirs01.png,1524098763,1524107171,1524147747
8d8lld,https://i.redd.it/xekxrgwa2qs01.jpg,1524081175,1524107777,1524124737
8d9mq5,https://i.redd.it/ju0853s8qqs01.jpg,1524089238,1524108987,1524118076
8dan51,https://i.redd.it/9bxwt1eogrs01.jpg,1524098145,1524108987,1524138064
8da6a4,https://i.redd.it/awegozv34rs01.jpg,1524093886,1524108987,1524142907
8dacbg,https://i.redd.it/uqlilb5h8rs01.jpg,1524095409,1524110196,1524138667
8dan24,https://i.redd.it/g5e6dnwogrs01.jpg,1524098122,1524110197,1524144722
8da9od,https://i.redd.it/14sjz0vg6rs01.jpg,1524094747,1524110802,1524144722
8days2,https://i.redd.it/zyljoggqprs01.jpg,1524101161,1524112013,1524148957
8daw7d,https://i.redd.it/3mlcxc4qnrs01.jpg,1524100484,1524112013,1524148957
8dafog,https://i.redd.it/55dgvlm9brs01.jpg,1524096302,1524112013,1524145327
8db3y4,https://i.redd.it/ts4691mttrs01.jpg,1524102536,1524112014,1524145327
8dapoj,https://i.imgur.com/Fj5yp81.jpg,1524098807,1524112014,1524147747
8dak26,https://i.redd.it/4i4efo71ers01.jpg,1524097352,1524112619,1524144117
8daa1v,https://i.redd.it/33kv1ckw6rs01.jpg,1524094835,1524113225,1524142907
8da5gt,https://i.redd.it/plq2vd8i3rs01.jpg,1524093685,1524114437,1524144117
8dbhvz,https://i.redd.it/ouz2jw725ss01.jpg,1524106333,1524115044,1524121103
8dbbg4,https://i.redd.it/b7l1egtszrs01.jpg,1524104545,1524115045,1524119283
8d9uty,https://i.redd.it/6txatvcuvqs01.jpg,1524091114,1524115045,1524141092
8d89ii,https://i.redd.it/bz9nwchgups01.jpg,1524078534,1524115652,1524116259
8d9d94,https://i.redd.it/n2fxv8lwjqs01.jpg,1524087092,1524116259,1524138670
8db3r5,https://i.redd.it/9bbcv7vitrs01.png,1524102480,1524117470,1524148957
8dafip,https://i.redd.it/icq965a5brs01.jpg,1524096254,1524117470,1524145932
8db13u,https://i.redd.it/42qvvpggrrs01.jpg,1524101794,1524118681,1524139881
8db7g9,https://i.redd.it/9leltcqlwrs01.jpg,1524103470,1524118681,1524149562
8dal10,https://i.redd.it/50lpbam2frs01.jpg,1524097581,1524119892,1524147142
8db5td,https://i.redd.it/0m4u10jbvrs01.jpg,1524103044,1524120498,1524149562
8dbpgr,https://i.redd.it/6vi1qrdebss01.jpg,1524108450,1524121104,1524151982
8dbryb,https://i.imgur.com/CGZsrcf.png,1524109199,1524121709,1524153192
8dbrnw,https://i.imgur.com/Z2fq6Sd.png,1524109101,1524121710,1524123525
8dbk41,https://i.redd.it/ocokwa2w6ss01.jpg,1524106930,1524121710,1524125342
8db73t,https://i.redd.it/vf2w1ex9wrs01.jpg,1524103367,1524122316,1524147142
8dankt,https://i.redd.it/pkt48ia3hrs01.jpg,1524098255,1524122921,1524142907
8dbr5y,https://i.redd.it/ngrqsfgwcss01.jpg,1524108950,1524124130,1524137455
8dajn5,https://i.redd.it/yqgteel4ers01.jpg,1524097256,1524125343,
8dbwve,https://i.redd.it/hinx5a6whss01.jpg,1524110655,1524127157,1524148351
8dc5co,https://i.redd.it/joh7jktspss01.jpg,1524113289,1524127159,1524153798
8daulo,https://i.redd.it/tfve2d7imrs01.jpg,1524100074,1524128369,1524144117
8dbndy,https://i.imgur.com/DabrEkv.jpg,1524107854,1524128975,1524151377
8dbcv9,https://i.redd.it/0lovpyqv0ss01.png,1524104932,1524129582,1524144117
8dayt6,https://i.redd.it/hmbpvrspprs01.jpg,1524101169,1524130791,1524147142
8db2ep,https://i.redd.it/jpdknkpmsrs01.jpg,1524102133,1524130792,1524145931
8dcgt8,https://i.redd.it/7z5w5su21ts01.jpg,1524117082,1524131397,1524153797
8dbmjx,https://i.redd.it/mhdajg8y8ss01.jpg,1524107623,1524133213,1524144722
8dd15i,https://i.redd.it/zvdcp9rdots01.jpg,1524124989,1524133819,1524135635
8dc7tq,https://i.redd.it/8izazc0asss01.jpg,1524114122,1524134425,1524150167
8dcv8a,https://i.redd.it/0dsjmx9bhts01.png,1524122557,1524134425,1524149562
8dc1z9,https://i.redd.it/4q01qlkkmss01.jpg,1524112203,1524135031,1524144117
8dcm8r,https://i.redd.it/dml3rou37ts01.jpg,1524119111,1524135636,1524139878
8da64x,https://i.redd.it/ulvno3m04rs01.jpg,1524093856,1524135636,1524139275
8dcr3t,https://i.redd.it/lge1xogmcts01.jpg,1524120965,1524136242,1524140484
8dc672,https://i.imgur.com/RGuy0cj.jpg,1524113571,1524136850,1524153797
8dc8np,https://i.redd.it/zrggsna4tss01.jpg,1524114405,1524137458,1524153192
8dcv6t,https://upload.wikimedia.org/wikipedia/commons/6/6c/Kaiserstrasse-hist.jpg,1524122541,1524137458,1524153797
8dcc0j,https://i.redd.it/l4llyhkcwss01.jpg,1524115494,1524138061,1524151376
8dc5hk,https://i.redd.it/p06i0gewpss01.png,1524113335,1524138063,1524147747
8dctj9,https://i.redd.it/wyh1rc2cfts01.jpg,1524121879,1524138064,1524153797
8ddefa,https://i.redd.it/4itnc1ff4us01.jpg,1524130352,1524138669,1524159095
8dd3eb,https://i.imgur.com/F4Dh1X2.png,1524125872,1524138669,1524159096
8dbu5y,https://i.redd.it/wioc8yejfss01.jpg,1524109839,1524139273,1524144722
8dc9ty,https://i.redd.it/hre0rlu6uss01.jpg,1524114764,1524139275,1524140484
8dcwoq,https://i.redd.it/3nvt1dg6jts01.jpg,1524123173,1524139275,1524141694
8dd1ci,https://i.redd.it/r3qacrwsots01.jpg,1524125061,1524139880,1524142904
8dckk4,https://i.imgur.com/vJXNKrC.jpg,1524118472,1524139881,1524153797
8dcqgq,https://i.redd.it/7s6ys6pwbts01.jpg,1524120723,1524140486,1524151982
8dcuei,https://i.imgur.com/afIRSlv.jpg,1524122211,1524141092,1524153798
8dcv9o,https://i.redd.it/83rauzo9hts01.jpg,1524122573,1524141092,1524142302
8ddry0,https://i.redd.it/24pu0wapjus01.jpg,1524135458,1524141696,1524146534
8ddjkh,https://i.redd.it/bfa810ciaus01.png,1524132361,1524142301,1524159096
8ddfno,https://i.redd.it/fsmtmgq06us01.jpg,1524130854,1524143510,1524144720
8ddx78,https://pbs.twimg.com/media/DaywpHAUQAENYwH.jpg,1524137197,1524143512,1524159095
8ddjfb,https://i.redd.it/7g1kyt3daus01.jpg,1524132311,1524144115,1524153795
8de7gg,https://i.redd.it/264o2rjayus01.jpg,1524140360,1524144116,1524146534
8dddux,https://i.redd.it/3l5ysfdv3us01.jpg,1524130128,1524144117,1524159096
8ddpj2,https://i.redd.it/b7ew07zxgus01.jpg,1524134563,1524144720,1524158492
8ddqi3,https://i.imgur.com/vv1IRQz.jpg,1524134925,1524144721,1524159095
8ddstd,https://i.redd.it/a6xgw6tikus01.jpg,1524135731,1524144721,1524146535
8ddul3,https://i.redd.it/vjhv5kwcmus01.jpg,1524136345,1524145325,1524145929
8dds9d,https://i.redd.it/ueb5zm8gjus01.png,1524135556,1524145327,1524159095
8dd26d,https://i.redd.it/1q8kyakspts01.jpg,1524125406,1524145327,1524159096
8ddrsm,https://i.imgur.com/ir2wVqW.jpg,1524135410,1524145327,1524159094
8ddhmy,https://i.redd.it/6x5llm958us01.jpg,1524131603,1524145327,1524153797
8ddxhg,https://i.redd.it/xpu3lei3pus01.jpg,1524137290,1524145932,1524159095
8de04o,https://i.redd.it/znisx6dlrus01.jpg,1524138124,1524145932,1524159095
8dcnhy,https://i.imgur.com/9zqTeHw.png,1524119603,1524145932,1524153798
8ddga7,https://i.redd.it/otdj6d9s6us01.jpg,1524131110,1524146536,1524153795
8ddysw,https://i.redd.it/0l09am7fqus01.jpg,1524137711,1524146536,1524159094
8ddyjj,https://i.redd.it/mn4zfiu3qus01.jpg,1524137623,1524146537,1524159095
8ddy06,https://i.redd.it/0fopcjwmpus01.jpg,1524137447,1524147141,1524159095
8dds67,https://i.redd.it/floddhaljus01.jpg,1524135531,1524147141,1524158491
8de5l3,https://i.redd.it/mg30q3tmwus01.jpg,1524139800,1524147745,
8de2vz,https://i.redd.it/b69c3kaauus01.jpg,1524139013,1524147746,1524181598
8ddomv,https://i.redd.it/enk0jwuefus01.jpg,1524134234,1524147747,1524148956
8de05d,https://i.redd.it/apo1x5pmrus01.png,1524138129,1524147747,1524159095
8ddjx2,https://i.imgur.com/KSDC7AC.jpg,1524132500,1524147747,1524158492
8de0yf,https://i.imgur.com/yftmTKz.jpg,1524138400,1524147747,1524159094
8dec4a,https://i.redd.it/avw4meo82vs01.jpg,1524141700,1524148350,1524148954
8ddoy0,https://i.redd.it/vjg72svfgus01.jpg,1524134357,1524148351,1524152586
8ddn4m,https://i.redd.it/xfhiwjyceus01.jpg,1524133656,1524148352,1524151981
8ddx3f,https://i.imgur.com/1IU7qIa.png,1524137164,1524148352,1524159095
8ddyp3,https://i.redd.it/u0zudf49ous01.jpg,1524137671,1524148352,1524159096
8dcy11,https://i.redd.it/3syg8bodkts01.png,1524123695,1524148352,1524150167
8de1l0,https://i.redd.it/9h6lz863tus01.jpg,1524138610,1524148955,1524159094
8degvw,https://i.redd.it/6h6l95k86vs01.jpg,1524143047,1524149562,1524179784
8dear6,https://i.redd.it/s1a93nl41vs01.jpg,1524141312,1524149562,1524159094
8ddod0,https://i.imgur.com/cRMTWEz.png,1524134135,1524149562,1524151982
8decjw,https://i.redd.it/uw6wz8gn2vs01.jpg,1524141824,1524150166,1524159094
8ddkcp,https://i.redd.it/14sjz0vg6rs01.jpg,1524132646,1524150168,1524159096
8del9r,https://i.redd.it/iaidk08m9vs01.jpg,1524144172,1524150168,1524159096
8debqm,https://i.imgur.com/toAXVD0.jpg,1524141597,1524150772,1524158489
8ddbeh,https://i.redd.it/5wd0nve21us01.jpg,1524129189,1524150772,1524153797
8ddoij,https://i.redd.it/jrpz4kxifus01.jpg,1524134186,1524151982,1524159096
8debgg,https://i.imgur.com/EBvuLUG.jpg,1524141505,1524151982,1524179784
8dek56,https://i.redd.it/nz8aqgez6vs01.jpg,1524143878,1524152587,1524182207
8de4pz,https://i.redd.it/ldplwpyvvus01.jpg,1524139550,1524152587,1524159095
8debs1,https://i.redd.it/l1lbhoi8frs01.jpg,1524141609,1524152587,1524159096
8ddyi3,https://i.redd.it/x4s7ror3qus01.jpg,1524137605,1524152587,1524159096
8devod,https://i.redd.it/j7wtlnwxgvs01.png,1524146747,1524153192,1524181598
8dekqa,https://i.imgur.com/q0pOhkt.jpg,1524144025,1524153192,1524182207
8dejld,https://i.redd.it/tb2adkbc8vs01.jpg,1524143738,1524153192,1524182208
8ddw8a,https://i.redd.it/86w3kjlwnus01.png,1524136880,1524153798,
8de1pf,https://i.imgur.com/eQgeD81.jpg,1524138645,1524153798,1524159096
8dewyr,https://i.redd.it/ior9to75ivs01.jpg,1524147035,1524158490,1524182206
8de9rj,https://i.redd.it/qxa9mhra0vs01.jpg,1524141033,1524158491,1524159095
8dedyp,https://i.imgur.com/7mFz6kA.jpg,1524142227,1524158491,1524182207
8de12y,https://i.redd.it/rpq1j1sksus01.jpg,1524138442,1524158492,1524159096
8deb3k,https://i.redd.it/5tmcudoe1vs01.jpg,1524141406,1524158492,1524159096
8deexc,https://i.redd.it/2zzgol5l4vs01.jpg,1524142511,1524158492,1524159097
8defvr,https://i.redd.it/v1olbb7i5vs01.jpg,1524142784,1524158492,1524159096
8der8l,https://i.redd.it/2yp6lo6vdvs01.jpg,1524145666,1524158492,1524182207
8dfci5,https://i.redd.it/8wbxtpefsvs01.jpg,1524150565,1524159096,1524182206
8dey1q,https://i.redd.it/ufzq4npuivs01.png,1524147284,1524159097,
8deee9,https://i.imgur.com/lSJaKrx.jpg,1524142355,1524159097,
8dhd46,https://i.redd.it/u0dz7hqc2xs01.jpg,1524165939,1524179781,1524182205
8dgexd,https://i.redd.it/kcqaw032hws01.jpg,1524158780,1524179782,1524182205
8dfu5b,https://i.redd.it/bht5o4it3ws01.jpg,1524154346,1524179782,
8dfqpn,https://i.imgur.com/OfBU0nY.jpg,1524153633,1524179782,1524182205
8dfj1b,https://i.redd.it/do87xc77wvs01.jpg,1524151955,1524179782,1524182205
8dfsqi,https://i.redd.it/mdb0siry2ws01.jpg,1524154038,1524179782,1524182205
8dgj4v,https://i.redd.it/jkgg48unjws01.jpg,1524159660,1524179782,1524182205
8dfu5u,https://i.redd.it/qmws207u3ws01.jpg,1524154349,1524179782,1524181596
8dg3no,https://i.redd.it/aeyzq4ly9ws01.jpg,1524156389,1524179782,1524182205
8dfq1b,https://i.redd.it/brkpwtfc1ws01.jpg,1524153491,1524179782,1524182206
8dgfln,https://i.redd.it/1s0j5e4fhws01.png,1524158914,1524179782,1524182206
8dflbd,https://i.redd.it/5lq83jqayvs01.jpg,1524152468,1524179782,1524182206
8dftg2,https://i.redd.it/xrwuflza3ws01.jpg,1524154195,1524179782,1524182206
8dfnyy,https://i.redd.it/ahjajxzxzvs01.jpg,1524153037,1524179782,1524182206
8df9ia,https://i.redd.it/nbxy9ieoqvs01.jpg,1524149928,1524179782,1524182206
8df39x,https://i.redd.it/wyh1rc2cfts01.jpg,1524148490,1524179782,1524182206
8dfuvv,https://i.redd.it/tef6j59d4ws01.jpg,1524154509,1524179783,1524182206
8dfxa0,https://i.redd.it/cxuiyott5ws01.png,1524155021,1524179783,1524182206
8dgtdc,https://i.redd.it/6b6fb3gupws01.png,1524161789,1524179783,1524182206
8df64m,https://i.redd.it/67cogcyeovs01.jpg,1524149143,1524179783,1524182207
8df56e,https://i.redd.it/37s261konvs01.png,1524148926,1524179783,1524182207
8deven,https://i.redd.it/p5okjo33hvs01.jpg,1524146681,1524179783,1524182207
8dhdxd,https://i.redd.it/htmvnbzs2xs01.jpg,1524166092,1524179783,1524182206
8deklo,https://i.redd.it/v37diqs39vs01.jpg,1524143995,1524179783,1524182207
8dfwq8,https://i.redd.it/50oivpxq4ws01.png,1524154904,1524179783,1524182207
8defiw,https://i.imgur.com/0pgw62a.jpg,1524142681,1524179783,1524182208
8dg86b,https://i.redd.it/y58iwqvscws01.jpg,1524157345,1524179784,1524182207
8df3yl,https://i.redd.it/bmuf4tkxmvs01.jpg,1524148649,1524179784,1524182207
8dg8mg,https://i.redd.it/6sqjvot1dws01.jpg,1524157430,1524179784,1524182206
8dg7cc,https://i.imgur.com/FCmpeDF.jpg,1524157172,1524179784,1524182207
8dfkej,https://i.redd.it/auyuzf7pwvs01.png,1524152259,1524179784,1524182207
8deomp,https://i.redd.it/kj6a2n34cvs01.jpg,1524145007,1524179784,1524180994
8dekin,https://i.redd.it/8pped8k19vs01.jpg,1524143974,1524179784,1524180389
8dg4vl,https://i.imgur.com/ITg8G5o.jpg,1524156653,1524179784,1524182207
8dgshf,https://i.redd.it/ufrg5hwfpws01.jpg,1524161600,1524180388,1524182206
8dgy33,https://i.imgur.com/D1ooDFJ.jpg,1524162787,1524180389,1524182207
8df6rq,https://i.imgur.com/hiM9f5y.jpg,1524149275,1524180992,1524182206
8dh93a,https://i.redd.it/0ueoqzwrzws01.jpg,1524165071,1524180992,1524182205
8dhx3c,https://i.redd.it/0yggcbjsexs01.jpg,1524170125,1524180994,1524182206
8dhdix,https://i.imgur.com/Xx8hJJW.jpg,1524166015,1524181598,1524182207
8di4m5,https://i.redd.it/fgptu9znjxs01.jpg,1524171761,1524182205,
8dfns9,https://i.redd.it/x3jcpj2vzvs01.jpg,1524152997,1524182208,
